<?xml version="1.0" encoding="UTF-8"?>
<configuration>
    <appender name="STDOUT" class="ch.qos.logback.core.ConsoleAppender">
        <encoder>
            <charset>UTF-8</charset>
            <pattern>%d{HH:mm:ss.SSS} [%thread] %-5level %logger{10} - %msg%n</pattern>
        </encoder>
    </appender>

    <appender name="FILE-AUDIT" class="ch.qos.logback.core.FileAppender">
        <file>shortener.log</file>
        <encoder>
            <charset>UTF-8</charset>
            <pattern>%d{HH:mm:ss.SSS} [%thread] %-5level %logger{36} - %msg%n</pattern>
        </encoder>
        <filter class="ch.qos.logback.classic.filter.LevelFilter">
            <level>ERROR</level>
            <onMatch>ACCEPT</onMatch>
            <onMismatch>DENY</onMismatch>
        </filter>
    </appender>

    <root level="DEBUG">
        <appender-ref ref="STDOUT"/>
        <appender-ref ref="FILE-AUDIT"/>
    </root>

    <logger name="ppmteam.rosbank.ru" level="DEBUG"/>
    <logger name="org.springframework" level="INFO"/>
    <logger name="org.springframework.security" level="INFO"/>

</configuration>